[
  {
    "img": "images/logo_1.jpg",
    "link": ""
  },
  {
    "img": "images/logo_2.jpg",
    "link": ""
  },
  {
    "img": "images/logo_3.jpg",
    "link": ""
  },
  {
    "img": "images/logo_4.jpg",
    "link": ""
  },
  {
    "img": "images/logo_5.jpg",
    "link": ""
  },
  {
    "img": "images/logo_6.jpg",
    "link": ""
  },
  {
    "img": "images/logo_7.jpg",
    "link": ""
  },
  {
    "img": "images/logo_8.jpg",
    "link": ""
  },
  {
    "img": "images/logo_9.jpg",
    "link": ""
  }
]