[
  {
    "title": "Akses Pabrik",
    "desc": "Botolplastik.id didukung oleh grup Suryasukses sebagai pabrik aneka produk plastik, sehingga strategis secara harga maupun ketersediaan pasokan.",
    "img": "images/tentang/ic-aksespabrik.png"
  },
  {
    "title": "Koleksi Varian Lengkap",
    "desc": "Telah berkecimpung di dunia produk plastik selama lebih dari 3 dekade, Botolplastik.id memiliki ragam jenis dan variasi desain produk yang sangat luas.",
    "img": "images/tentang/ic-koleksivarian.png"
  },
  {
    "title": "Kontrol Kualitas Terbaik",
    "desc": "Semua produk di Botolplastik.id dipastikan telah lolos uji kualitas standar dunia, termasuk diantaranya keamanan dalam penggunaan dan ketahanan dalam pemakaian.",
    "img": "images/tentang/ic-kontrolkualitas.png"
  }
]